{"frames": {

"cat.png":
{
	"frame": {"x":2,"y":2,"w":64,"h":64},
	"rotated": false,
	"trimmed": false,
	"spriteSourceSize": {"x":0,"y":0,"w":64,"h":64},
	"sourceSize": {"w":64,"h":64},
	"pivot": {"x":0.5,"y":0.5}
},
"hedgehog.png":
{
	"frame": {"x":68,"y":2,"w":64,"h":64},
	"rotated": false,
	"trimmed": false,
	"spriteSourceSize": {"x":0,"y":0,"w":64,"h":64},
	"sourceSize": {"w":64,"h":64},
	"pivot": {"x":0.5,"y":0.5}
},
"tiger.png":
{
	"frame": {"x":134,"y":2,"w":64,"h":64},
	"rotated": false,
	"trimmed": false,
	"spriteSourceSize": {"x":0,"y":0,"w":64,"h":64},
	"sourceSize": {"w":64,"h":64},
	"pivot": {"x":0.5,"y":0.5}
}},
"meta": {
	"app": "http://www.codeandweb.com/texturepacker",
	"version": "1.0",
	"image": "animals.png",
	"format": "RGBA8888",
	"size": {"w":200,"h":68},
	"scale": "1",
	"smartupdate": "$TexturePacker:SmartUpdate:aa42b222ddb3faeafaa3b7c9f66556ee:15b03a4eb0cd5b5d361ef8988283677a:b00d48b51f56eb7c81e25100fcce2828$"
}
}
