{"frames": {

"pixie0.png":
{
	"frame": {"x":2,"y":2,"w":48,"h":32},
	"rotated": false,
	"trimmed": false,
	"spriteSourceSize": {"x":0,"y":0,"w":48,"h":32},
	"sourceSize": {"w":48,"h":32},
	"pivot": {"x":0.5,"y":0.5}
},
"pixie1.png":
{
	"frame": {"x":2,"y":36,"w":48,"h":32},
	"rotated": false,
	"trimmed": false,
	"spriteSourceSize": {"x":0,"y":0,"w":48,"h":32},
	"sourceSize": {"w":48,"h":32},
	"pivot": {"x":0.5,"y":0.5}
},
"pixie2.png":
{
	"frame": {"x":2,"y":70,"w":48,"h":32},
	"rotated": false,
	"trimmed": false,
	"spriteSourceSize": {"x":0,"y":0,"w":48,"h":32},
	"sourceSize": {"w":48,"h":32},
	"pivot": {"x":0.5,"y":0.5}
}},
"meta": {
	"app": "http://www.codeandweb.com/texturepacker",
	"version": "1.0",
	"image": "pixieAtlas.png",
	"format": "RGBA8888",
	"size": {"w":52,"h":104},
	"scale": "1",
	"smartupdate": "$TexturePacker:SmartUpdate:df70885208ad6a9a18b70d3ad687fd96:4dbd194d0c37549bdff850cec7f6292d:f650d989e9809a4ef7e3cb8b62e80685$"
}
}
